{"cameraMode":{"drawMode":0,"name":"Shaded","section":"Shading Mode"},"sceneLighting":true,"audioPlay":false,"sceneViewState":{"showFog":true,"showMaterialUpdate":false,"showSkybox":true,"showFlares":true,"showImageEffects":true,"showParticleSystems":true},"in2DMode":false,"pivot":{"x":-2.3876419067382814,"y":4.510509014129639,"z":-4.026829719543457},"rotation":{"x":0.14555910229682923,"y":0.7437742948532105,"z":-0.17218446731567384,"w":0.6294190883636475},"size":8.277326583862305,"orthographic":false}