{"cameraMode":{"drawMode":0,"name":"Shaded","section":"Shading Mode"},"sceneLighting":true,"audioPlay":false,"sceneViewState":{"showFog":true,"showMaterialUpdate":false,"showSkybox":true,"showFlares":true,"showImageEffects":true,"showParticleSystems":true},"in2DMode":false,"pivot":{"x":5.8590545654296879,"y":2.9164798259735109,"z":1.9317110776901246},"rotation":{"x":-0.1641858071088791,"y":0.7810892462730408,"z":-0.2303777039051056,"w":-0.5566821694374085},"size":1.4795458316802979,"orthographic":false}