{"cameraMode":{"drawMode":0,"name":"Shaded","section":"Shading Mode"},"sceneLighting":false,"audioPlay":false,"sceneViewState":{"showFog":true,"showMaterialUpdate":false,"showSkybox":false,"showFlares":true,"showImageEffects":true,"showParticleSystems":true},"in2DMode":false,"pivot":{"x":-8.867149353027344,"y":5.827883720397949,"z":-0.27813857793807986},"rotation":{"x":-0.07825908064842224,"y":-0.9050238728523254,"z":0.18944582343101502,"w":-0.3732210397720337},"size":4.8638386726379398,"orthographic":false}