{"cameraMode":{"drawMode":0,"name":"Shaded","section":"Shading Mode"},"sceneLighting":true,"audioPlay":false,"sceneViewState":{"showFog":true,"showMaterialUpdate":false,"showSkybox":true,"showFlares":true,"showImageEffects":true,"showParticleSystems":true},"in2DMode":false,"pivot":{"x":-4.3231306076049809,"y":7.426643371582031,"z":-1.5779170989990235},"rotation":{"x":0.31712138652801516,"y":0.4442102611064911,"z":-0.16823600232601167,"w":0.8217285871505737},"size":21.816560745239259,"orthographic":false}